"GCAM_region_name","year","pop_thous","gdp_pcap_thous2005usd","ns_cal_pcap_day_thous","ns_usd_p1000cal","s_cal_pcap_day_thous","s_usd_p1000cal","s_share","ns_share","clusterID","sig2Qn","sig2Qs","weight"
"Africa_Eastern",2001,187056.96,1.1318719247285,0.66545833851892,0.637141994944649,1.29620711750047,0.230153678785003,0.660768691992329,0.33923130800767,"1.1.3",0.00813883718342168,0.0093693925388653,0.138748331744123
"Africa_Northern",2001,108636.6,4.57549706899696,1.11573163768012,0.683132470801663,2.12732348812463,0.163662933077897,0.655962789900694,0.344037210099306,"1.2.2",0.00794442504178535,0.00572535723409085,0.0805805195185122
"Africa_Southern",2001,110851.06,1.76164966766096,0.534859129448108,0.434353915196488,1.38618920026565,0.180955551348741,0.721579555716954,0.278420444283046,"1.3.5",0.00196348974626256,0.0319539834534001,0.0822230813922542
"Africa_Western",2001,257991.38,1.46113944556483,0.770799960370769,0.73249319535442,1.56846809436036,0.334621937676499,0.670495239392579,0.329504760607421,"1.4.2",0.00294330064777284,0.00207468919826528,0.191363494731038
"Argentina",2001,37471.54,9.26877965314354,1.811,0.754008777299398,1.136,0.203655725880151,0.385476756023074,0.614523243976926,"1.9",0.00904364760923401,0.00537365681449859,0.0277942807521472
"Australia_NZ",2001,23215.59,31.5635373316299,1.93165658551,2.40984573965088,0.786511702696335,0.765869193801652,0.289353571708152,0.710646428291848,"11.1",0.00918568525269862,0.0130443354382583,0.0172200188806422
"Brazil",2001,178419.4,7.22005772538095,1.667,0.763720111966018,1.033,0.322528901917954,0.382592592592593,0.617407407407407,"2.7.2",0.0199702784615384,0.00212457384615385,0.132341475563311
"Canada",2001,30991.34,33.5924555875765,2.07,2.05994090514686,1.021,0.658414787985047,0.330313814299579,0.669686185700421,"11.1",0.00918568525269862,0.0130443354382583,0.0229876328767179
"Central America and Caribbean",2001,45320.77,4.77890994825926,1.21897010553881,0.959092137560168,1.06811572265873,0.355294166364048,0.467020393152677,0.532979606847323,"2.2.3.3",0.00206937630576395,0.000286323707361792,0.0336163980792753
"Central Asia",2001,73959.07,3.80300118322964,0.792351880709154,0.889500343639853,1.46678161177527,0.195379873553588,0.649267348146928,0.350732651853072,"1.8",0.0144999247141561,0.0132233687433275,0.0548586782328056
"China",2001,1277188.79,4.07417834168073,0.931,0.840367294333918,1.713,0.0994089458221466,0.647881996974281,0.352118003025719,"1.2.3",0.00847794444444445,0.00023,0.947346807810811
"Colombia",2001,40988.91,6.24668703250313,1.354,0.685227176594781,1.033,0.38238478198271,0.432760787599497,0.567239212400503,"2.7.1",0.0189823990042674,0.00403884850640114,0.0304032679805658
"EU-12",2001,82762.3,12.3077997255547,1.60405091364063,1.09871852116414,1.25023000049539,0.272588063574548,0.438019255324009,0.561980744675991,"2.1.5.3",0.0381614918963365,0.0256163204505868,0.0613884191013614
"EU-15",2001,378647.74,28.9772917534762,2.04406990618774,2.23817774431421,1.02725913306653,0.593510845631173,0.334467300617179,0.665532699382821,"11.1",0.00918568525269862,0.0130443354382583,0.280859596155536
"Europe_Eastern",2001,62387.86,4.64901977369586,1.29853208124145,0.6486622264214,1.48115685872219,0.216297075689944,0.532849858639783,0.467150141360217,"1.10.3",0.00954520274527038,0.104683271126521,0.0462758054877289
"European Free Trade Association",2001,11999.89,45.644815726176,2.05190422662208,2.9703372882424,0.936400417837163,0.719586300331478,0.313355072272631,0.686644927727369,"13",0.00265267604895694,0.000425539657387231,0.00890084345759163
"HongKong_Macau",2001,6836.54,36.5897316817763,1.823,1.42679763886403,0.952,0.464607013255209,0.343063063063063,0.656936936936937,"11.2.2",0.00263153787878788,0.00350551515151515,0.00507096084477137
"India",2001,1071888.19,2.08387309180315,0.769,0.531259393679935,1.481,0.117070710330545,0.658222222222222,0.341777777777778,"1.3.8",0.00428628571428571,0.00850033333333333,0.795066370044328
"Indonesia",2001,214448.3,3.01467195496221,0.628,0.478507676826035,1.727,0.133573853186332,0.733333333333333,0.266666666666667,"1.3.9",0.00673607126461502,0.020869174514065,0.159065687106019
"Japan",2001,125974.3,30.0670948202039,1.229,3.22418090668093,1.205,0.761554593569223,0.495069843878389,0.504930156121611,"14",0.0046715,0.0113839102564103,0.0934406502042673
"Mexico",2001,104239.56,11.4719467845621,1.467,1.09152723740889,1.434,0.288684825104718,0.494312306101344,0.505687693898656,"2.1.5.3",0.0381614918963365,0.0256163204505868,0.0773190425619093
"Middle East",2001,149988.42,11.3936926490113,1.18372380241088,1.00545158068511,1.59858985600355,0.260999597359479,0.574554148907333,0.425445851092667,"2.1.3.1",0.0805627292598352,0.067705845464535,0.111252973724885
"Pakistan",2001,141282.08,2.19973619441485,1.011,0.455683729531133,1.173,0.0957884180743313,0.537087912087912,0.462912087912088,"1.3.6",0.0243481032258065,0.0238861290322581,0.104795100408665
"Russia",2001,145818.12,9.16605882406629,1.331,0.882930312668546,1.384,0.257625136616409,0.5097605893186,0.4902394106814,"2.1.3.3",0.0108367777777778,0.000135194444444445,0.10815967974709
"South Africa",2001,45579.16,8.06227633493919,1.048,0.934412233367824,1.69,0.520379699298808,0.617238860482104,0.382761139517896,"2.6.2",0.00773359784946237,0.0174313806451613,0.0338080572479016
"South America_Northern",2001,25424.43,9.3319480768207,1.23550482823017,1.16221185369844,1.05865692092212,0.3967311865451,0.461456966281171,0.538543033718829,"2.1.4.2",0.0891050479962154,0.00460371154146228,0.0188584121544861
"South America_Southern",2001,71702.65,6.05567605965666,1.07853243987496,0.952875530118316,1.19207912120403,0.375595350898248,0.525003546021565,0.474996453978435,"2.2.4.2",0.000776451579161818,0.000633995746026598,0.0531849927911408
"South Asia",2001,177117.17,1.48161417302126,0.426807217335282,0.450412319431399,1.83318985810354,0.132950982908519,0.811147004580787,0.188852995419213,"1.3.7",0.00320083685679658,0.0179361982745837,0.131375554594388
"South Korea",2001,46492.32,21.0131420952019,1.128,2.90105851402672,1.523,0.588499395114913,0.574500188608072,0.425499811391928,"14",0.0046715,0.0113839102564103,0.0344853879744111
"Southeast Asia",2001,267089.22,4.50735049775362,0.844272239815594,1.02330406943036,1.44012518438595,0.162595921967065,0.63041796892645,0.36958203107355,"1.8",0.0144999247141561,0.0132233687433275,0.198111760726994
"USA",2001,285796.2,39.5037866880549,2.141,2.01313267160425,0.979,0.560319408693057,0.313782051282051,0.686217948717949,"11.2.3",0.0139769809523809,0.000709123809523808,0.211987546300387
"Africa_Eastern",2002,192464.6,1.12793647719972,0.706893783688013,0.63442060879729,1.26958290049183,0.213833459297482,0.642346510158128,0.357653489841872,"1.1.3",0.00813883718342168,0.0093693925388653,0.142759414938636
"Africa_Northern",2002,110308.51,4.63993691271324,1.12904795985369,0.718480025555025,2.13605455046034,0.167417788081941,0.654207499982872,0.345792500017128,"1.10.3",0.00954520274527038,0.104683271126521,0.081820648318458
"Africa_Southern",2002,113646.14,1.79628761694625,0.583785239164304,0.491831202488142,1.37642984530755,0.203390728321005,0.702183069710641,0.297816930289359,"1.3.11",0.00155304284130115,0.000396435974587253,0.0842963145245117
"Africa_Western",2002,265028.75,1.5925611034603,0.787214873782561,0.787183803690567,1.55392320316192,0.329652480864586,0.663746926533275,0.336253073466725,"1.4.2",0.00294330064777284,0.00207468919826528,0.196583419973949
"Argentina",2002,37889.44,8.18108601138583,1.603,0.755878228921697,1.13,0.200789819427651,0.413465056714233,0.586534943285766,"1.9",0.00904364760923401,0.00537365681449859,0.0281042554669927
"Australia_NZ",2002,23476.08,32.2399996040911,1.88836256649321,2.48440363523185,0.836243925732064,0.75897319051355,0.306922826513959,0.693077173486041,"11.1",0.00918568525269862,0.0130443354382583,0.0174132357111522
"Brazil",2002,181045.59,7.31225543741119,1.719,0.825358435952848,1.035,0.321503382811785,0.375816993464052,0.624183006535948,"2.7.2",0.0199702784615384,0.00212457384615385,0.134289435592936
"Canada",2002,31288.57,34.2272782765478,2.064,2.06334464043185,1.031,0.680060708843236,0.333117932148627,0.666882067851373,"11.1",0.00918568525269862,0.0130443354382583,0.0232081013727541
"Central America and Caribbean",2002,46073.07,4.88519768658695,1.26062776476584,0.972393238720546,1.0696193557321,0.349126184355434,0.459015417859862,0.540984582140138,"2.2.3.3",0.00206937630576395,0.000286323707361792,0.0341744119054976
"Central Asia",2002,74535.41,4.0351839257061,0.82588782231157,0.902189443808196,1.47824402401489,0.200374104580876,0.641562255376877,0.358437744623123,"1.8",0.0144999247141561,0.0132233687433275,0.0552861748280534
"China",2002,1284349.94,4.41708170058242,0.958,0.8599149816027,1.699,0.0994821484726463,0.63944298080542,0.36055701919458,"1.8",0.0144999247141561,0.0132233687433275,0.952658546095606
"Colombia",2002,41572.49,6.30091995654331,1.355,0.694843630067684,1.015,0.368224853576743,0.428270042194093,0.571729957805907,"2.7.1",0.0189823990042674,0.00403884850640114,0.0308361348005935
"EU-12",2002,82593.73,12.6843778381388,1.62261242893377,1.07643376469806,1.23692288434001,0.269515192580952,0.432560800560249,0.567439199439751,"2.1.5.4.1",0.0451995278833151,0.0293435134759242,0.0612633833567299
"EU-15",2002,380370.81,29.1683048320318,2.03550822425096,2.22448527677318,1.04931476894875,0.588221480902137,0.340153963861751,0.659846036138249,"11.1",0.00918568525269862,0.0130443354382583,0.282137672565943
"Europe_Eastern",2002,61893.1,4.93609599578714,1.29281291937227,0.667752585386497,1.47835597425238,0.218542460655548,0.533477399249639,0.466522600750361,"1.10.3",0.00954520274527038,0.104683271126521,0.0459088203479419
"European Free Trade Association",2002,12066.14,45.7450491486672,2.10034990974744,2.93438704080369,0.943400227413241,0.71963103229364,0.309946672657328,0.690053327342672,"13",0.00265267604895694,0.000425539657387231,0.00894998398130189
"HongKong_Macau",2002,6854.76,37.2202844151753,1.834,1.39293912773969,0.986,0.461372737003543,0.349645390070922,0.650354609929078,"11.2.2",0.00263153787878788,0.00350551515151515,0.00508447541597138
"India",2002,1090189.36,2.127967160435,0.766,0.57114427221748,1.443,0.115360591845798,0.65323675871435,0.34676324128565,"1.3.8",0.00428628571428571,0.00850033333333333,0.808641148584863
"Indonesia",2002,217369.09,3.10971409766126,0.645,0.502388910622344,1.737,0.131858247118494,0.729219143576826,0.270780856423174,"1.3.9",0.00673607126461502,0.020869174514065,0.161232164845607
"Japan",2002,126249.51,30.1171337675254,1.218,3.11082059548427,1.198,0.744605467590514,0.495860927152318,0.504139072847682,"14",0.0046715,0.0113839102564103,0.0936447855028379
"Mexico",2002,105578.3,11.4135557293487,1.501,1.0591262598591,1.419,0.291625467276828,0.485958904109589,0.514041095890411,"2.1.5.2",0.0124429443769519,0.00404505413738838,0.078312044595296
"Middle East",2002,153208.08,11.4997584396607,1.17807699287139,1.04669573920731,1.59038664174892,0.26621981947325,0.574465426188282,0.425534573811717,"2.1.5.3",0.0381614918963365,0.0256163204505868,0.113641136420265
"Pakistan",2002,144271.59,2.22764996581747,1.009,0.455705927786855,1.129,0.0948861137637745,0.528063610851263,0.471936389148737,"1.3.6",0.0243481032258065,0.0238861290322581,0.107012550779036
"Russia",2002,145195.52,9.64324035818642,1.379,0.908228716002019,1.388,0.258947181550676,0.501626310083123,0.498373689916878,"2.1.3.3",0.0108367777777778,0.000135194444444445,0.107697870085777
"South Africa",2002,46272.22,8.24431581771366,1.047,0.922310645889096,1.67,0.529692890781133,0.614648509385351,0.385351490614649,"2.6.2",0.00773359784946237,0.0174313806451613,0.03432213017413
"South America_Northern",2002,25885.41,8.3597646318158,1.09940017291594,1.1873475551676,0.922813453601855,0.378156125074438,0.456338262931656,0.543661737068344,"2.1.4.1",0.0717310953129205,0.0389455582604317,0.019200341190259
"South America_Southern",2002,72707.79,6.11820625574836,1.10984094991747,0.954886452935573,1.18536322325297,0.385356797016424,0.516452190663103,0.483547809336897,"2.2.4.2",0.000776451579161818,0.000633995746026598,0.053930549108154
"South Asia",2002,180096.65,1.51219202637337,0.397054213612524,0.484206036146307,1.85220595469155,0.129744906912467,0.823473416189155,0.176526583810845,"1.3.3.1.2",0.0167209075168989,0.0429481331703911,0.133585565274904
"South Korea",2002,46769.58,22.4135772388741,1.166,3.33892153958061,1.481,0.559466073210075,0.559501322251606,0.440498677748394,"14",0.0046715,0.0113839102564103,0.0346910438476776
"Southeast Asia",2002,271093.91,4.68330402533107,0.870453910860631,1.04216613077651,1.45302526393898,0.15772398760184,0.625366166264131,0.374633833735869,"1.8",0.0144999247141561,0.0132233687433275,0.201082214521669
"USA",2002,288470.85,39.8183769233219,2.222,1.98733870526973,0.946,0.564227019596691,0.298611111111111,0.701388888888889,"11.2.3",0.0139769809523809,0.000709123809523808,0.213971451232336
"Africa_Eastern",2003,197964,1.14520329683148,0.699726801893273,0.658567386904056,1.2946234840173,0.220842530415866,0.649145485205576,0.350854514794424,"1.1.3",0.00813883718342168,0.0093693925388653,0.146838560540027
"Africa_Northern",2003,111999.8,4.75351367182448,1.12653177184245,0.736099946618205,2.12055299125534,0.16947131974059,0.653063638915384,0.346936361084616,"1.10.3",0.00954520274527038,0.104683271126521,0.0830751521123586
"Africa_Southern",2003,116554.48,1.7799935088814,0.593880493997314,0.415953321851152,1.35573279053709,0.196586951839536,0.695385490697895,0.304614509302105,"1.3.11",0.00155304284130115,0.000396435974587253,0.0864535575543605
"Africa_Western",2003,272310.67,1.66701622846587,0.791241959450212,0.781728018538646,1.5689527517596,0.306807578278031,0.664755642535683,0.335244357464317,"1.4.2",0.00294330064777284,0.00207468919826528,0.201984738651929
"Argentina",2003,38309.47,8.82347103520355,1.605,0.776561602168168,1.15,0.199473980000139,0.417422867513612,0.582577132486388,"1.9",0.00904364760923401,0.00537365681449859,0.0284158100960345
"Australia_NZ",2003,23755.46,33.1523691342766,1.90912304455481,2.46737680168278,0.845400049504409,0.760531211370949,0.306913400482179,0.693086599517821,"11.1",0.00918568525269862,0.0130443354382583,0.0176204640811774
"Brazil",2003,183627.34,7.30065824905876,1.752,0.805403887927318,1.131,0.320270390733646,0.392299687825182,0.607700312174818,"2.7.2",0.0199702784615384,0.00212457384615385,0.136204432530128
"Canada",2003,31596.59,34.5105465411555,2.097,1.99463080495351,1.013,0.680629824320736,0.32572347266881,0.67427652733119,"11.1",0.00918568525269862,0.0130443354382583,0.0234365732838972
"Central America and Caribbean",2003,46823.85,4.98270720944883,1.26075205627047,0.975082347232979,1.03732501812645,0.352363039326841,0.451388262684215,0.548611737315785,"2.2.3.3",0.00206937630576395,0.000286323707361792,0.0347312982812136
"Central Asia",2003,75177.65,4.31667228311056,0.856554304770101,0.89735487368035,1.52356435270323,0.20508273030634,0.640121175437784,0.359878824562216,"1.8",0.0144999247141561,0.0132233687433275,0.0557625523366975
"China",2003,1291485.49,4.83057691394028,0.988,0.892895939637487,1.669,0.101553605761926,0.628152051185548,0.371847948814452,"1.8",0.0144999247141561,0.0132233687433275,0.957951295740296
"Colombia",2003,42152.15,6.4452284359639,1.35,0.696349997841957,1.03,0.382561177965675,0.432773109243697,0.567226890756303,"2.7.1",0.0189823990042674,0.00403884850640114,0.031266093985105
"EU-12",2003,82439.31,13.249993003976,1.62107404453046,1.08301950649782,1.24303385727028,0.27548175695533,0.434003850374754,0.565996149625246,"2.1.5.4.1",0.0451995278833151,0.0293435134759242,0.0611488432862192
"EU-15",2003,382269.5,29.3630713320655,2.0190625854273,2.2779059935012,1.02976993981994,0.597508672513917,0.337758775299222,0.662241224700778,"11.1",0.00918568525269862,0.0130443354382583,0.283546014014447
"Europe_Eastern",2003,61424.28,5.42094540380302,1.30820681772745,0.685906796092109,1.43770150468186,0.230067155972463,0.5235795721761,0.4764204278239,"1.10.1",0.00628473996694937,0.0225013487976685,0.0455610760411368
"European Free Trade Association",2003,12140.67,45.6875372288606,2.08683285271735,3.07378689775286,0.941809216460047,0.719930090603213,0.310967488051782,0.689032511948218,"13",0.00265267604895694,0.000425539657387231,0.00900526614329623
"HongKong_Macau",2003,6850.36,38.4207963873412,1.86,1.42248753719446,1.013,0.467574292114123,0.352593108249217,0.647406891750783,"11.2.2",0.00263153787878788,0.00350551515151515,0.00508121174345327
"India",2003,1108369.58,2.27024707433392,0.784,0.596630585085432,1.42,0.116553963752437,0.644283121597096,0.355716878402904,"1.3.8",0.00428628571428571,0.00850033333333333,0.822126213218337
"Indonesia",2003,220307.81,3.21705462741972,0.678,0.510119227147589,1.721,0.133508583545681,0.717382242601084,0.282617757398916,"1.3.10",0.00131407272727273,0.00363927272727272,0.163411942050705
"Japan",2003,126523.88,30.5916870747371,1.219,3.31235547784496,1.186,0.829699559442502,0.493139293139293,0.506860706860707,"12",0.1392031577696,0.0184186741132904,0.093848297736655
"Mexico",2003,106888.42,11.4309637522052,1.528,1.04324758357466,1.419,0.298837911134258,0.481506616898541,0.518493383101459,"2.1.5.2",0.0124429443769519,0.00404505413738838,0.0792838179224398
"Middle East",2003,156460.22,11.8264111351394,1.18509277246319,1.03433540255904,1.57058812859908,0.270926818877194,0.569945572433167,0.430054427566833,"2.1.5.2",0.0124429443769519,0.00404505413738838,0.116053390952779
"Pakistan",2003,147251.53,2.29393216770849,1.036,0.455311470995064,1.168,0.0987793914581048,0.52994555353902,0.47005444646098,"1.3.6",0.0243481032258065,0.0238861290322581,0.109222902661679
"Russia",2003,144583.15,10.392444615844,1.404,0.911547245227153,1.382,0.268165005029682,0.496051687006461,0.503948312993539,"2.1.3.3",0.0108367777777778,0.000135194444444445,0.107243648463068
"South Africa",2003,46971.25,8.37533537513507,1.079,0.937637560411154,1.658,0.520290043338343,0.605772743880161,0.394227256119839,"2.6.2",0.00773359784946237,0.0174313806451613,0.0348406313105704
"South America_Northern",2003,26345.19,7.58455227774894,1.13094303286482,1.10180597582032,1.08266634706373,0.363952944911906,0.489095482193284,0.510904517806716,"2.2.4.1",0.0159184955464223,0.00525235933368384,0.0195413801335269
"South America_Southern",2003,73700.62,6.25103064844222,1.09965285882263,0.949258539119816,1.1749637017979,0.384474310730954,0.516554623816404,0.483445376183596,"2.2.4.2",0.000776451579161818,0.000633995746026598,0.054666974559554
"South Asia",2003,182981.1,1.5670218555962,0.406985780662593,0.483834588068666,1.87666355066179,0.134121046958727,0.82178271633913,0.17821728366087,"1.3.7",0.00320083685679658,0.0179361982745837,0.135725088046467
"South Korea",2003,47043.25,22.9409783244926,1.219,3.4009489576188,1.394,0.561110920072922,0.533486414083429,0.466513585916571,"14",0.0046715,0.0113839102564103,0.0348940368608669
"Southeast Asia",2003,274987.85,4.90534510888401,0.880756535716033,1.02521620750411,1.45987138108102,0.161610091587926,0.623709292111122,0.376290707888878,"1.8",0.0144999247141561,0.0132233687433275,0.203970520195576
"USA",2003,291005.48,40.4389670731234,2.209,2.02093929308094,0.952,0.572478152642598,0.301170515659601,0.698829484340399,"11.2.3",0.0139769809523809,0.000709123809523808,0.215851497203834
"Africa_Eastern",2004,203595.68,1.1920295057702,0.72284504897157,0.656563466672864,1.26492432447486,0.223329898916018,0.636353664249144,0.363646335750856,"1.1.3",0.00813883718342168,0.0093693925388653,0.151015824005213
"Africa_Northern",2004,113706.62,4.89071830439494,1.10611042567267,0.757675842905563,2.11074676874574,0.172942815881777,0.656151840500758,0.343848159499242,"1.10.3",0.00954520274527038,0.104683271126521,0.0843411751867607
"Africa_Southern",2004,119600.39,1.84172256141828,0.592462363124401,0.421873178777701,1.38957192882063,0.179659164343254,0.701083696920804,0.298916303079196,"1.3.5",0.00196348974626256,0.0319539834534001,0.0887128422724631
"Africa_Western",2004,279847.21,1.75426559933894,0.804953497696118,0.758262079710645,1.58456862918162,0.304414392333951,0.663132017635715,0.336867982364285,"1.4.1.3",0.0110269398845043,0.0625344080085783,0.207574920124582
"Argentina",2004,38728.78,9.53499985055076,1.614,0.767910146626672,1.163,0.191125635480337,0.418797263233705,0.581202736766295,"1.9",0.00904364760923401,0.00537365681449859,0.0287268306695733
"Australia_NZ",2004,24064.25,33.7660971352877,1.87974587157298,2.40490630273073,0.801915596372212,0.763429576711902,0.299036849340523,0.700963150659477,"11.1",0.00918568525269862,0.0130443354382583,0.0178495071350112
"Brazil",2004,186116.36,7.62366076520148,1.759,0.827987994091734,1.129,0.324667710320899,0.390927977839335,0.609072022160665,"2.7.2",0.0199702784615384,0.00212457384615385,0.138050647569
"Canada",2004,31918.58,35.2140084063774,2.068,2.01500308921509,1.028,0.660569880579968,0.332041343669251,0.667958656330749,"11.1",0.00918568525269862,0.0130443354382583,0.0236754073552853
"Central America and Caribbean",2004,47573.31,5.09017390992914,1.24953842900568,0.954679662789584,1.04212629707708,0.3588414841272,0.454746405622097,0.545253594377903,"2.2.3.3",0.00206937630576395,0.000286323707361792,0.0352872055551741
"Central Asia",2004,75875.85,4.65066134066137,0.89223453035452,0.887666612610096,1.53190252300304,0.20650794854821,0.631937258201335,0.368062741798665,"1.8",0.0144999247141561,0.0132233687433275,0.0562804378258221
"China",2004,1298573.03,5.28903641198748,1.011,0.921465697987216,1.663,0.104754514697806,0.621914734480179,0.378085265519821,"1.8",0.0144999247141561,0.0132233687433275,0.963208434267351
"Colombia",2004,42724.16,6.68423433113498,1.332,0.701936543064792,1.027,0.375447337139708,0.435353963543875,0.564646036456126,"2.7.1",0.0189823990042674,0.00403884850640114,0.0316903788298974
"EU-12",2004,82309.58,13.9715435057237,1.62500011505344,1.1043746929436,1.23459990744698,0.27833236320331,0.431738668951141,0.568261331048859,"2.1.6.1",0.028690772484228,0.0211855678490421,0.0610526168689976
"EU-15",2004,384252.5,29.8762100095186,2.0358321412873,2.24961264189372,1.03582789912883,0.591245269639532,0.337220879101093,0.662779120898907,"11.1",0.00918568525269862,0.0130443354382583,0.285016891878861
"Europe_Eastern",2004,60989.27,6.11140713646087,1.38658180578321,0.697219087135571,1.45785828097303,0.230554921803661,0.512529087099018,0.487470912900982,"1.10.1",0.00628473996694937,0.0225013487976685,0.0452384100906583
"European Free Trade Association",2004,12227.62,46.8402992852627,2.09567127045165,3.06428047668126,0.924945999303217,0.701732800576477,0.30621092204054,0.69378907795946,"13",0.00265267604895694,0.000425539657387231,0.00906976076271671
"HongKong_Macau",2004,6841.7,41.7623908744032,1.852,1.56893353113187,1.034,0.502802646675325,0.358281358281358,0.641718641718642,"11.2.2",0.00263153787878788,0.00350551515151515,0.00507478824254261
"India",2004,1126419.32,2.42114476887188,0.77,0.566970992321054,1.428,0.12076327646672,0.64968152866242,0.35031847133758,"1.3.9",0.00673607126461502,0.020869174514065,0.835514495126773
"Indonesia",2004,223268.61,3.33727049993929,0.684,0.530209071887049,1.719,0.13595299635878,0.715355805243446,0.284644194756554,"1.3.10",0.00131407272727273,0.00363927272727272,0.165608096957895
"Japan",2004,126773.08,31.2852975707393,1.232,3.45210064105425,1.177,0.810672720326352,0.488584474885845,0.511415525114155,"12",0.1392031577696,0.0184186741132904,0.0940331402801809
"Mexico",2004,108257.82,11.7521251314,1.536,1.06033498722131,1.399,0.296327119365206,0.476660988074957,0.523339011925043,"2.1.5.2",0.0124429443769519,0.00404505413738838,0.0802995618193277
"Middle East",2004,159749.15,12.4094565475104,1.22644116453828,1.0696611129274,1.56324973641487,0.272296054665519,0.56036664702916,0.43963335297084,"2.1.5.4.1",0.0451995278833151,0.0293435134759242,0.118492934238008
"Pakistan",2004,150267.99,2.41996300579008,1.039,0.455992629429513,1.193,0.0984906563010106,0.534498207885305,0.465501792114695,"1.3.6",0.0243481032258065,0.0238861290322581,0.111460343026223
"Russia",2004,144043.91,11.1824648234969,1.449,0.903035924657962,1.37,0.265129832395369,0.485987938985456,0.514012061014544,"2.1.3.3",0.0108367777777778,0.000135194444444445,0.106843670561098
"South Africa",2004,47667.15,8.64641141964911,1.053,0.965993252421888,1.683,0.518482932820209,0.615131578947368,0.384868421052632,"2.6.2",0.00773359784946237,0.0174313806451613,0.0353568107890605
"South America_Northern",2004,26803.79,8.80492852225077,1.25700403898105,1.06136181347588,1.02805880474366,0.37685989283465,0.449903952342901,0.550096047657099,"2.2.4.1",0.0159184955464223,0.00525235933368384,0.019881543819165
"South America_Southern",2004,74691.54,6.55197116405524,1.09490755512606,0.943299054746262,1.18482513909875,0.382378795238498,0.519721080502219,0.480278919497781,"2.2.4.2",0.000776451579161818,0.000633995746026598,0.0554019832803837
"South Asia",2004,185716.12,1.63393982024613,0.432501350555891,0.477507515714294,1.88108166700877,0.136252327779649,0.813059938946494,0.186940061053506,"1.3.7",0.00320083685679658,0.0179361982745837,0.137753772048852
"South Korea",2004,47320.45,23.8951269977841,1.207,2.93523487500725,1.442,0.564798435311156,0.544356360890902,0.455643639109098,"14",0.0046715,0.0113839102564103,0.0350996482295081
"Southeast Asia",2004,278717.89,5.15683106293171,0.886672909873134,1.0281992542637,1.4923766780812,0.166884713613645,0.627299525675059,0.372700474324941,"1.8",0.0144999247141561,0.0132233687433275,0.206737254068183
"USA",2004,293530.89,41.4516448033334,2.225,2.07234831409653,0.97,0.56333183689942,0.303599374021909,0.696400625978091,"11.2.3",0.0139769809523809,0.000709123809523808,0.217724704297918
"Africa_Eastern",2005,209388.83,1.25714272020183,0.737266479735333,0.654953972152435,1.32439496151729,0.243117681425898,0.642392070306468,0.357607929693532,"1.1.1",0.00290589637080143,0.00300234214134675,0.155312856834377
"Africa_Northern",2005,115430.08,5.01277469748306,1.1094472737089,0.760620968056178,2.12891765820486,0.171634538225998,0.657405111210473,0.342594888789527,"1.10.3",0.00954520274527038,0.104683271126521,0.0856195408772313
"Africa_Southern",2005,122802.59,1.92099019724379,0.62729491511539,0.478313371823339,1.3690992245359,0.186298405552814,0.685786036606499,0.314213963393501,"1.3.11",0.00155304284130115,0.000396435974587253,0.0910880541218967
"Africa_Western",2005,287645.4,1.81086628587298,0.815831707268741,0.718610117172971,1.60562886015212,0.317080705451292,0.663082802897881,0.336917197102118,"1.4.1.3",0.0110269398845043,0.0625344080085783,0.2133591788505
"Argentina",2005,39145.49,10.3186024369374,1.722,0.748349985199373,1.124,0.185140964780348,0.394940267041462,0.605059732958538,"1.9",0.00904364760923401,0.00537365681449859,0.0290359227093514
"Australia_NZ",2005,24408.98,34.2962205733176,1.9916343419512,2.36703188445226,0.786737154112953,0.73749136191688,0.283164852226366,0.716835147773634,"11.1",0.00918568525269862,0.0130443354382583,0.018105208459368
"Brazil",2005,188479.24,7.77516993072697,1.729,0.810478110801703,1.155,0.320732846183638,0.400485436893204,0.599514563106796,"2.7.2",0.0199702784615384,0.00212457384615385,0.139803299050728
"Canada",2005,32256.33,35.8952947447037,2.045,2.00681986315928,1.035,0.648057137527139,0.336038961038961,0.663961038961039,"11.1",0.00918568525269862,0.0130443354382583,0.0239259313082384
"Central America and Caribbean",2005,48321.42,5.30680255874827,1.29858969790209,1.07414522510859,1.04122096473986,0.38850145083476,0.445002230891702,0.554997769108297,"2.2.4.1",0.0159184955464223,0.00525235933368384,0.0358421114750666
"Central Asia",2005,76622.99,5.09212476897953,0.961384874826733,0.886106384690371,1.50430384849247,0.2053025842421,0.610094791879261,0.389905208120739,"1.10.3",0.00954520274527038,0.104683271126521,0.0568346242542731
"China",2005,1305600.63,5.85480831164317,1.05,0.929671785735266,1.648,0.104840022206686,0.610822831727205,0.389177168272795,"1.8",0.0144999247141561,0.0132233687433275,0.968421112673784
"Colombia",2005,43285.64,6.89234718564755,1.357,0.703532246464281,0.974,0.373653403145023,0.417846417846418,0.582153582153582,"2.7.1",0.0189823990042674,0.00403884850640114,0.0321068531129591
"EU-12",2005,82210.84,14.6792336087223,1.6074577700459,1.10046011847637,1.24655943510612,0.269883478520663,0.436773623107758,0.563226376892242,"2.1.6.1",0.028690772484228,0.0211855678490421,0.060979377090716
"EU-15",2005,386244.09,30.2682525621308,2.02731913834591,2.23256117901299,1.02837497855307,0.565577675495587,0.336543822520004,0.663456177479996,"11.1",0.00918568525269862,0.0130443354382583,0.286494141322123
"Europe_Eastern",2005,60593.64,6.42457174671684,1.43000514575457,0.69982158202133,1.42143586521622,0.228420986181371,0.498497377202372,0.501502622797628,"1.10.1",0.00628473996694937,0.0225013487976685,0.044944954009217
"European Free Trade Association",2005,12329.75,47.7451496735967,2.12981373669377,2.93990480032153,0.922944242989517,0.682903822468008,0.302331285064815,0.697668714935185,"13",0.00265267604895694,0.000425539657387231,0.00914551505232468
"HongKong_Macau",2005,6842.47,44.7062441087253,1.854,1.591669215331,1.035,0.523957532711448,0.358255451713396,0.641744548286604,"11.2.3",0.0139769809523809,0.000709123809523808,0.00507535938523328
"India",2005,1144326.29,2.60636954665098,0.778,0.574059776629172,1.429,0.120339737725134,0.647485274127775,0.352514725872225,"1.3.9",0.00673607126461502,0.020869174514065,0.848796878279435
"Indonesia",2005,226254.7,3.48540088584332,0.696,0.516995615015303,1.699,0.134472143577489,0.709394572025052,0.290605427974948,"1.3.10",0.00131407272727273,0.00363927272727272,0.167823010564627
"Japan",2005,126978.75,31.6694063238214,1.228,3.60859982632841,1.184,0.82882721795979,0.490878938640133,0.509121061359867,"12",0.1392031577696,0.0184186741132904,0.0941856947180902
"Mexico",2005,109747.91,11.9879868156793,1.501,1.06097496210586,1.378,0.301933942918771,0.478638416116707,0.521361583883293,"2.1.5.2",0.0124429443769519,0.00404505413738838,0.0814048267699
"Middle East",2005,163083.45,12.8154126322379,1.23975978120404,1.07607743163199,1.54645743899826,0.26286956637508,0.55503836089491,0.44496163910509,"2.1.5.4.1",0.0451995278833151,0.0293435134759242,0.12096613043736
"Pakistan",2005,153356.38,2.5597777416427,1.09,0.465258189714564,1.15,0.094798475602484,0.513392857142857,0.486607142857143,"1.3.6",0.0243481032258065,0.0238861290322581,0.113751137019001
"Russia",2005,143622.57,11.9338374305308,1.491,0.921175313176932,1.39,0.259131993462198,0.482471364109684,0.517528635890316,"2.1.3.3",0.0108367777777778,0.000135194444444445,0.106531144247739
"South Africa",2005,48352.95,8.99486935131027,1.066,0.964688229343119,1.686,0.509654030084701,0.612645348837209,0.387354651162791,"2.6.2",0.00773359784946237,0.0174313806451613,0.0358654986556339
"South America_Northern",2005,27261.12,9.53960275990325,1.17349057999084,1.14248111609901,1.1112707152164,0.383321096305102,0.486383727502526,0.513616272497474,"2.1.4.2",0.0891050479962154,0.00460371154146228,0.0202207654902354
"South America_Southern",2005,75688.72,6.86338867104229,1.10135545124822,0.943701325151182,1.23227919708511,0.371905492675253,0.528051465967563,0.471948534032437,"2.2.4.2",0.000776451579161818,0.000633995746026598,0.0561416353171141
"South Asia",2005,188268.21,1.69995783743749,0.462365854277788,0.487452113496271,1.84753741940819,0.135729956094443,0.799833239969405,0.200166760030595,"1.3.7",0.00320083685679658,0.0179361982745837,0.139646768866297
"South Korea",2005,47605.86,24.7279968597992,1.228,2.9496761566603,1.423,0.585989202874784,0.536778574122972,0.463221425877028,"14",0.0046715,0.0113839102564103,0.0353113493143706
"Southeast Asia",2005,282254.06,5.3532506095972,0.873758101761229,1.06610463068714,1.51609639152755,0.167493634977314,0.634388577122612,0.365611422877388,"1.8",0.0144999247141561,0.0132233687433275,0.209360186079179
"USA",2005,296139.64,42.3296525517918,2.242,2.01419288884769,0.962,0.554339775517526,0.300249687890137,0.699750312109863,"11.2.3",0.0139769809523809,0.000709123809523808,0.219659728316471
"Africa_Eastern",2006,215351.14,1.31527696704562,0.729436000896025,0.65787331506953,1.32632968253616,0.226532088516071,0.645175514517685,0.354824485482315,"1.1.3",0.00813883718342168,0.0093693925388653,0.159735363036986
"Africa_Northern",2006,117162.16,5.27491039658489,1.14824827871046,0.81124511053405,2.12082174637272,0.173892572189639,0.648753844396084,0.351246155603916,"1.10.3",0.00954520274527038,0.104683271126521,0.0869043003988623
"Africa_Southern",2006,126170.15,2.02111398044613,0.634110860136094,0.446338975662541,1.39537293868637,0.187033427810677,0.68755066657639,0.31244933342361,"1.3.11",0.00155304284130115,0.000396435974587253,0.0935859207185112
"Africa_Western",2006,295710.49,1.85196518849715,0.822188608019959,0.714315971733253,1.63021636780623,0.301971064420698,0.664741910033447,0.335258089966553,"1.4.1.3",0.0110269398845043,0.0625344080085783,0.219341408984392
"Argentina",2006,39558.75,11.0938999483649,1.735,0.750408995651427,1.126,0.185647289596145,0.393568682278923,0.606431317721077,"1.11",0.000368000000000001,7.89666666666671e-05,0.0293424557331778
"Australia_NZ",2006,24793.81,34.9483643757814,2.00257693835679,2.36615955119571,0.790876241690971,0.732680315766864,0.283117772418669,0.716882227581331,"11.1",0.00918568525269862,0.0130443354382583,0.0183906537082648
"Brazil",2006,190698.24,7.99806572430081,1.777,0.817851173169585,1.121,0.323570001062317,0.386818495514148,0.613181504485852,"2.7.2",0.0199702784615384,0.00212457384615385,0.141449228441114
"Canada",2006,32611.44,36.5188619717716,2.036,2.05581863710844,1.045,0.6487455830813,0.339175592340149,0.660824407659851,"11.1",0.00918568525269862,0.0130443354382583,0.0241893319327629
"Central America and Caribbean",2006,49068.39,5.64757492735168,1.32029994320172,1.05872784152409,1.04465896985819,0.376878162968486,0.441723940356559,0.55827605964344,"2.2.4.1",0.0159184955464223,0.00525235933368384,0.0363961718070794
"Central Asia",2006,77415.79,5.63818343771492,0.986224600175236,0.903312799934071,1.50079559596305,0.213692707458085,0.603451310244044,0.396548689755956,"1.10.3",0.00954520274527038,0.104683271126521,0.0574226787025371
"China",2006,1312600.88,6.56321437201358,1.082,0.962508758236991,1.607,0.104949246118482,0.597619933060617,0.402380066939383,"1.12",0.0041904,0.000155866666666668,0.973613504388542
"Colombia",2006,43835.74,7.24356407852887,1.411,0.720066620038056,0.985,0.388787275179206,0.41110183639399,0.58889816360601,"2.7.1",0.0189823990042674,0.00403884850640114,0.0325148863520989
"EU-12",2006,82148.8,15.6248044288535,1.59802589483961,1.11051177960617,1.2269376023752,0.280086356463218,0.434319807524899,0.565680192475101,"2.1.6.2",0.000430115792171164,3.45339833569466e-05,0.0609333593082106
"EU-15",2006,388242.46,31.0469917427225,2.03264708486547,2.25235745465966,1.02881456051973,0.600532281266532,0.33605338876956,0.66394661123044,"11.1",0.00918568525269862,0.0130443354382583,0.287976419788038
"Europe_Eastern",2006,60241.6,6.98112090239761,1.48746035613264,0.708309953606524,1.38934172598337,0.239146185464348,0.482946579683178,0.517053420316822,"1.10.1",0.00628473996694937,0.0225013487976685,0.0446838305380176
"European Free Trade Association",2006,12448.31,48.8328778917657,2.10280803096967,2.91578582504354,0.916326460378959,0.684254042153343,0.303506340312002,0.696493659687998,"13",0.00265267604895694,0.000425539657387231,0.0092334561918128
"HongKong_Macau",2006,6855.82,47.6825368810048,1.869,1.69565667263686,1.03,0.539127966345372,0.355294929285961,0.644705070714039,"11.2.3",0.0139769809523809,0.000709123809523808,0.00508526166435074
"India",2006,1162088.3,2.80599101980301,0.825,0.61829826373092,1.445,0.122372920199966,0.636563876651982,0.363436123348018,"1.2.4",0.0012755,0.000233500000000002,0.861971738257499
"Indonesia",2006,229263.98,3.63530290794679,0.681,0.542492655144958,1.728,0.135220689740552,0.717310087173101,0.282689912826899,"1.3.10",0.00131407272727273,0.00363927272727272,0.170055125209016
"Japan",2006,127136.58,32.1872438343293,1.202,3.6798715839539,1.158,0.839258436235792,0.490677966101695,0.509322033898305,"12",0.1392031577696,0.0184186741132904,0.0943027641348025
"Mexico",2006,111382.86,12.4365850969023,1.491,1.07216829246022,1.39,0.30640651543957,0.482471364109684,0.517528635890316,"2.1.5.4.2",0.0015223,0.000577500000000001,0.0826175407206937
"Middle East",2006,166439.08,13.2147504628137,1.23515928698957,1.06458125556087,1.54769900001851,0.279784878311671,0.556154442805809,0.443845557194191,"2.1.5.4.1",0.0451995278833151,0.0293435134759242,0.123455148030988
"Pakistan",2006,156524.19,2.66964933184088,1.081,0.459562070732891,1.169,0.0926571424682816,0.519555555555556,0.480444444444444,"1.3.6",0.0243481032258065,0.0238861290322581,0.11610084030073
"Russia",2006,143338.41,12.9368126731799,1.531,0.923458900204199,1.391,0.265422986580284,0.476043805612594,0.523956194387406,"2.1.3.3",0.0108367777777778,0.000135194444444445,0.106320370342569
"South Africa",2006,49027.81,9.39315336556639,1.085,0.985003092244547,1.636,0.514025108634276,0.60124954061007,0.39875045938993,"2.6.2",0.00773359784946237,0.0174313806451613,0.0363660718455374
"South America_Northern",2006,27717.18,10.2992899993899,1.21062828433484,1.15943514485536,1.08927041964587,0.396166650760774,0.473616693535474,0.526383306464525,"2.1.4.2",0.0891050479962154,0.00460371154146228,0.020559045146738
"South America_Southern",2006,76694.36,7.18233489825037,1.11512366450414,0.942747845092616,1.23276029449884,0.374685295830374,0.52505162777394,0.47494837222606,"2.2.4.2",0.000776451579161818,0.000633995746026598,0.0568875625060044
"South Asia",2006,190616.17,1.79076698174542,0.471447237818282,0.492965906868276,1.8435849214681,0.135833168015313,0.796353914166096,0.203646085833904,"1.3.7",0.00320083685679658,0.0179361982745837,0.141388353531214
"South Korea",2006,47901.64,25.8855417288576,1.249,3.58323189394992,1.408,0.492937964873012,0.529920963492661,0.470079036507339,"14",0.0046715,0.0113839102564103,0.0355307422819634
"Southeast Asia",2006,285569.85,5.58493143075028,0.911346278117245,1.02794961833688,1.51124691608726,0.171429575497156,0.623813737982327,0.376186262017673,"1.8",0.0144999247141561,0.0132233687433275,0.211819652601642
"USA",2006,298860.52,43.0571756390202,2.203,2.07375465450979,0.967,0.556888249371356,0.305047318611987,0.694952681388013,"11.2.3",0.0139769809523809,0.000709123809523808,0.221677924062173
"Africa_Eastern",2007,221472.35,1.37954003178159,0.737849884060019,0.661952818584481,1.30627671395549,0.230537439110693,0.639039047397386,0.360960952602614,"1.1.1",0.00290589637080143,0.00300234214134675,0.164275732322125
"Africa_Northern",2007,118915.37,5.51064882328374,1.17545132593037,0.827610859860194,2.12631912081676,0.187950174800832,0.643993625574907,0.356006374425093,"1.10.3",0.00954520274527038,0.104683271126521,0.0882047329660179
"Africa_Southern",2007,129704.52,2.16504827165426,0.652850494493176,0.453522591172819,1.39579259759028,0.196165203700669,0.681325411431607,0.318674588568394,"1.3.11",0.00155304284130115,0.000396435974587253,0.0962075175907498
"Africa_Western",2007,304042.3,1.89974292200708,0.820407277046648,0.734825998331258,1.64269721953162,0.297275598664416,0.666921448851905,0.333078551148095,"1.4.1.3",0.0110269398845043,0.0625344080085783,0.225521477012382
"Argentina",2007,39969.9,11.9485001828639,1.75,0.749337962027326,1.131,0.205912478697759,0.392572023602916,0.607427976397084,"1.11",0.000368000000000001,7.89666666666671e-05,0.029647423677683
"Australia_NZ",2007,25213.97,35.6529058238121,2.04481314723544,2.53126325341781,0.804791235176373,0.796526161941487,0.282422093446959,0.717577906553041,"11.1",0.00918568525269862,0.0130443354382583,0.0187023047639946
"Brazil",2007,192784.52,8.40300694311591,1.783,0.85763680941296,1.107,0.344044394574215,0.383044982698962,0.616955017301038,"2.7.2",0.0199702784615384,0.00212457384615385,0.142996713600453
"Canada",2007,32982.28,36.9268972743521,2.054,2.10673148732259,1.027,0.689357667770854,0.333333333333333,0.666666666666667,"11.1",0.00918568525269862,0.0130443354382583,0.0244644001865397
"Central America and Caribbean",2007,49814.02,5.95102353844218,1.34614915620141,1.0965915041766,1.04675400479624,0.408650969631759,0.437441022209954,0.562558977790046,"2.2.1.1",0.0169826313112573,0.00269755016332827,0.0369492382024617
"Central Asia",2007,78258.28,6.2214263009348,1.04863514416621,0.903946967546974,1.4695581891143,0.233543055454119,0.583576395701068,0.416423604298932,"1.10.2",0.0416381919981314,0.00416722945679436,0.0580475903979432
"China",2007,1319625.2,7.45583306025075,1.125,1.04130958374619,1.586,0.111691371210485,0.585023976392475,0.414976023607525,"1.12",0.0041904,0.000155866666666668,0.978823749875461
"Colombia",2007,44374.65,7.62892187144995,1.409,0.740995156126327,1.018,0.40422388271125,0.419447878038731,0.580552121961269,"2.7.1",0.0189823990042674,0.00403884850640114,0.0329146194786301
"EU-12",2007,82118.58,16.5829220445954,1.59199312725573,1.13374812831085,1.21112410394822,0.302163884541605,0.432063308115028,0.567936691884972,"2.1.6.2",0.000430115792171164,3.45339833569466e-05,0.0609109438119612
"EU-15",2007,390244.76,31.8122234780104,2.03295350069531,2.28897842009893,1.03116363940415,0.64336623508853,0.336528791902088,0.663471208097912,"11.1",0.00918568525269862,0.0130443354382583,0.289461613306907
"Europe_Eastern",2007,59933.72,7.58722475796106,1.53144331471499,0.707752698282248,1.34769275226033,0.252537633301278,0.468089288213513,0.531910711786487,"1.10.1",0.00628473996694937,0.0225013487976685,0.044455462471
"European Free Trade Association",2007,12582.14,49.9987346093622,2.11779237554184,2.99486144957756,0.92144862638629,0.724127994929874,0.303183796810359,0.696816203189641,"13",0.00265267604895694,0.000425539657387231,0.00933272375842628
"HongKong_Macau",2007,6878.57,50.4354633496198,1.856,1.83542791545408,1.053,0.631889405834795,0.361980061876934,0.638019938123066,"15",0.000242299999999995,0.000629699999999999,0.00510213633475691
"India",2007,1179685.63,3.03657657641742,0.862,0.627669954847248,1.465,0.129005459160861,0.629565964761495,0.370434035238504,"1.2.4",0.0012755,0.000233500000000002,0.875024447874136
"Indonesia",2007,232296.83,3.82366890593689,0.71,0.535380462502511,1.735,0.142106512527473,0.70961145194274,0.29038854805726,"1.3.10",0.00131407272727273,0.00363927272727272,0.17230472275369
"Japan",2007,127250.02,32.8796666046084,1.226,3.71646834422511,1.18,0.801848200212447,0.490440565253533,0.509559434746467,"12",0.1392031577696,0.0184186741132904,0.0943869075462695
"Mexico",2007,113139.37,12.6918164536002,1.508,1.0835288928437,1.389,0.314329950496044,0.479461511908871,0.520538488091129,"2.1.5.4.2",0.0015223,0.000577500000000001,0.0839204210422378
"Middle East",2007,169826.98,13.6493075784432,1.25297875261045,1.08889003599501,1.5404406576034,0.289808405790838,0.551453409384548,0.448546590615452,"2.1.6.1",0.028690772484228,0.0211855678490421,0.125968101695561
"Pakistan",2007,159767.67,2.7710600714415,1.139,0.446089040394831,1.156,0.105343897372764,0.503703703703704,0.496296296296296,"1.3.6",0.0243481032258065,0.0238861290322581,0.118506671332334
"Russia",2007,143180.25,14.0620987612975,1.552,0.962083950613279,1.378,0.287973938488811,0.470307167235495,0.529692832764505,"2.1.6.3",0.0016183,3.62999999999994e-05,0.106203056150418
"South Africa",2007,49693.58,9.810426325356,1.082,1.03797122928378,1.629,0.535438428459401,0.600885282183696,0.399114717816304,"2.6.2",0.00773359784946237,0.0174313806451613,0.0368599025847159
"South America_Northern",2007,28171.61,11.0101072304604,1.29303136100493,1.27191009021387,1.13332007755325,0.413291632410913,0.467088180031624,0.532911819968376,"2.5.3",0.00924237911688654,0.0138833387169105,0.0208961157609214
"South America_Southern",2007,77708.34,7.51827903621282,1.1376690465914,0.956333984587897,1.21330997290638,0.390531438023245,0.516087112153631,0.483912887846369,"2.2.4.3",0.00266977825901461,0.00119176375308207,0.057639675837804
"South Asia",2007,192785.64,1.88022377424796,0.488550461019815,0.505929487737979,1.86842319827348,0.14292555626478,0.792721289398584,0.207278710601416,"1.3.7",0.00320083685679658,0.0179361982745837,0.142997544353458
"South Korea",2007,48205.06,27.0745411096065,1.285,3.36747800736095,1.388,0.520206331218387,0.519266741488964,0.480733258511036,"14",0.0046715,0.0113839102564103,0.0357558021718376
"Southeast Asia",2007,288697.93,5.86330573505942,0.944434896052078,1.06982163868825,1.50549098207944,0.177174123453215,0.614504706251615,0.385495293748385,"1.8",0.0144999247141561,0.0132233687433275,0.214139886404021
"USA",2007,301655.95,43.4835303068932,2.204,2.12253027903373,0.978,0.575015159350777,0.3073538654934,0.6926461345066,"11.2.3",0.0139769809523809,0.000709123809523808,0.223751416804745
"Africa_Eastern",2008,227741.98,1.42305970342856,0.753215131966447,0.645004309662376,1.30824823873051,0.244309572183814,0.634621142110426,0.365378857889574,"1.1.1",0.00290589637080143,0.00300234214134675,0.16892619121525
"Africa_Northern",2008,120734.75,5.77915930223779,1.18281839826562,0.809828660100943,2.16197710360936,0.192454742851687,0.646370488837786,0.353629511162214,"1.10.3",0.00954520274527038,0.104683271126521,0.0895542467173834
"Africa_Southern",2008,133406.08,2.26022781070569,0.645505480709725,0.445451684294949,1.39782479756545,0.200874789840729,0.684091462074055,0.315908537925945,"1.3.11",0.00155304284130115,0.000396435974587253,0.0989531266012393
"Africa_Western",2008,312634.36,1.95347935170642,0.831924591749928,0.751166203987652,1.65987841969769,0.321586811404069,0.666135489873006,0.333864510126994,"1.4.1.3",0.0110269398845043,0.0625344080085783,0.231894583852381
"Argentina",2008,40381.86,12.6448241008818,1.76,0.765209673350849,1.146,0.206168146778019,0.394356503785272,0.605643496214728,"1.11",0.000368000000000001,7.89666666666671e-05,0.0299529924346291
"Australia_NZ",2008,25655.73,35.3904545296989,2.0056284607766,2.46587819572989,0.857175850774856,0.835666870518824,0.299418247805531,0.700581752194469,"11.1",0.00918568525269862,0.0130443354382583,0.0190299774848134
"Brazil",2008,194769.7,8.75629910650408,1.849,0.889897613258471,1.108,0.351883097758191,0.37470409198512,0.62529590801488,"2.7.2",0.0199702784615384,0.00212457384615385,0.144469208466251
"Canada",2008,33363.26,36.7900659308399,2.069,2.0394661926274,1.002,0.698880624901298,0.32627808531423,0.67372191468577,"11.1",0.00918568525269862,0.0130443354382583,0.0247469897219832
"Central America and Caribbean",2008,50557.61,6.10213641546742,1.31501682516242,1.19551439166721,1.05421308879118,0.420461848502878,0.444960230572129,0.555039769427871,"2.3.3",0.00759258741480881,0.0319286437063661,0.0375007914405856
"Central Asia",2008,79158.04,6.60361639791758,1.04239388607904,0.937279563810963,1.47003502903811,0.240675611408473,0.585105122852627,0.414894877147373,"1.10.2",0.0416381919981314,0.00416722945679436,0.0587149817581475
"China",2008,1326690.64,8.12955337810437,1.155,1.10060384482082,1.604,0.116617719793846,0.581370061616528,0.418629938383472,"1.12",0.0041904,0.000155866666666668,0.98406449586555
"Colombia",2008,44901.66,7.7848094607044,1.449,0.741248078169334,0.997,0.410089201850042,0.407604251839738,0.592395748160262,"2.7.1",0.0189823990042674,0.00403884850640114,0.0333055258544873
"EU-12",2008,82102.75,17.2096907598033,1.57549009466796,1.13720630565358,1.2165273075506,0.304104223679302,0.435716233926027,0.564283766073973,"2.1.6.2",0.000430115792171164,3.45339833569466e-05,0.0608992020083335
"EU-15",2008,392172.04,31.6755413457474,2.03678361557851,2.26437188421999,1.04896837184007,0.626485435662897,0.339939300409427,0.660060699590573,"11.1",0.00918568525269862,0.0130443354382583,0.290891161209341
"Europe_Eastern",2008,59666.1,7.96544376055487,1.53808356051426,0.735824635670572,1.33958557891332,0.256318931906064,0.46551063169819,0.53448936830181,"1.9",0.00904364760923401,0.00537365681449859,0.0442569570075232
"European Free Trade Association",2008,12728.2,50.1072477461395,2.17455995663173,3.02155605965007,0.898502411967128,0.736883205257061,0.292380142085041,0.707619857914959,"13",0.00265267604895694,0.000425539657387231,0.00944106285115262
"HongKong_Macau",2008,6910.38,51.1994480801482,1.849,1.97035847276605,0.998,0.6187909966076,0.350544432736213,0.649455567263786,"15",0.000242299999999995,0.000629699999999999,0.00512573120357537
"India",2008,1197070.11,3.10997960161988,0.873,0.632061383784537,1.485,0.132624773570674,0.629770992366412,0.370229007633588,"1.2.4",0.0012755,0.000233500000000002,0.887919277332709
"Indonesia",2008,235360.77,4.01066342496024,0.693,0.559719970933023,1.773,0.144522555595987,0.718978102189781,0.281021897810219,"1.3.10",0.00131407272727273,0.00363927272727272,0.174577381111679
"Japan",2008,127317.9,32.5296847815917,1.208,3.64411204922332,1.125,0.825531464962116,0.482211744534934,0.517788255465066,"12",0.1392031577696,0.0184186741132904,0.094437257112299
"Mexico",2008,114972.82,12.6830599318117,1.508,1.07973121719202,1.363,0.299821748680753,0.474747474747475,0.525252525252525,"2.1.5.4.2",0.0015223,0.000577500000000001,0.0852803711282237
"Middle East",2008,173330.36,13.7957431773451,1.2430127606612,1.07209630919334,1.54771366337669,0.296406867188496,0.554591682669241,0.445408317330759,"2.1.6.1",0.028690772484228,0.0211855678490421,0.12856671192886
"Pakistan",2008,163096.98,2.76490146113534,1.137,0.447006156851657,1.184,0.105285461750694,0.510124946143903,0.489875053856097,"1.3.6",0.0243481032258065,0.0238861290322581,0.120976166230353
"Russia",2008,143123.16,14.8136583379376,1.564,0.987846272849268,1.371,0.298291555901236,0.467120954003407,0.532879045996593,"2.1.6.3",0.0016183,3.62999999999994e-05,0.106160709999495
"South Africa",2008,50348.81,10.0671268057538,1.118,1.07340967366586,1.596,0.539392462503434,0.588061901252763,0.411938098747237,"2.6.2",0.00773359784946237,0.0174313806451613,0.037345915344726
"South America_Northern",2008,28623.38,11.399847041589,1.40035381495826,1.34152306067239,1.2152211597652,0.419667656793762,0.46460956826278,0.53539043173722,"2.5.3",0.00924237911688654,0.0138833387169105,0.0212312133367188
"South America_Southern",2008,78733.47,7.90944425375479,1.1636852079554,0.978103895149009,1.20856691531568,0.412489664860391,0.509459725406084,0.490540274593916,"2.2.4.3",0.00266977825901461,0.00119176375308207,0.058400059612462
"South Asia",2008,194848.23,1.97340059842875,0.472362366186236,0.528145685270878,1.87547818571408,0.146163499590947,0.79880986134092,0.20119013865908,"1.3.3.2",0.00487084144236478,0.0256630181299977,0.144527457603262
"South Korea",2008,48509.84,27.5606978353835,1.316,3.19718436338539,1.411,0.517972432735227,0.517418408507517,0.482581591492483,"14",0.0046715,0.0113839102564103,0.0359818708332174
"Southeast Asia",2008,291740.24,6.00523185178443,0.94251700074011,1.05332358142261,1.52093167558922,0.177669611114367,0.617399376006277,0.382600623993723,"1.8",0.0144999247141561,0.0132233687433275,0.216396500844609
"USA",2008,304473.14,42.9431791036284,2.186,2.10320692285543,0.958,0.580228816068392,0.30470737913486,0.69529262086514,"11.2.3",0.0139769809523809,0.000709123809523808,0.225841049891406
"Africa_Eastern",2009,234143.04,1.46409924608243,0.76002384585081,0.677309141700612,1.33536062925466,0.249103506203924,0.637286686581682,0.362713313418318,"1.1.1",0.00290589637080143,0.00300234214134675,0.173674137489978
"Africa_Northern",2009,122679.61,5.94701934652437,1.14957183919968,0.835180239432742,2.16854913803524,0.185914711056895,0.653547339868949,0.346452660131051,"1.10.3",0.00954520274527038,0.104683271126521,0.0909968344750154
"Africa_Southern",2009,137271.44,2.31516797700749,0.658371847268449,0.458319666107571,1.40329482330775,0.223155645690328,0.680660381881982,0.319339618118018,"1.1.2",0.0142124322237157,0.0146250392439649,0.101820233238653
"Africa_Western",2009,321476.04,2.00045287443005,0.807495495154164,0.681955013784207,1.68870858801794,0.28333296231283,0.676510626435631,0.323489373564369,"1.4.1.1",0.0103158422844758,0.0714819497733074,0.238452844768283
"Argentina",2009,40798.64,12.6415086863092,1.743,0.756725709167779,1.142,0.19458486461062,0.395840554592721,0.604159445407279,"1.11",0.000368000000000001,7.89666666666671e-05,0.03026213639647
"Australia_NZ",2009,26099.81,35.5607497416199,1.98294436549538,2.36231646098878,0.854127525832564,0.74393034121545,0.301059528467843,0.698940471532157,"11.1",0.00918568525269862,0.0130443354382583,0.0193593710511417
"Brazil",2009,196701.3,8.65036196495245,1.852,0.892961689094566,1.096,0.333135626232563,0.371777476255088,0.628222523744912,"2.7.2",0.0199702784615384,0.00212457384615385,0.145901960701704
"Canada",2009,33746.56,35.4019492183148,1.985,2.05760567211671,1.018,0.658819776561747,0.338994338994339,0.661005661005661,"11.1",0.00918568525269862,0.0130443354382583,0.0250313001029362
"Central America and Caribbean",2009,51298.36,6.02997225885873,1.33503294062422,1.18329757872799,1.06362863705584,0.428065228181253,0.443425886733285,0.556574113266715,"2.3.3",0.00759258741480881,0.0319286437063661,0.0380502381264478
"Central Asia",2009,80125.46,6.7813666144342,1.05855173886053,0.960087130667777,1.47789469764043,0.228862964255794,0.582663476102886,0.417336523897114,"1.10.2",0.0416381919981314,0.00416722945679436,0.0594325595007554
"China",2009,1333807.06,8.83314281184637,1.2,1.07454492229153,1.58,0.112790323567061,0.568345323741007,0.431654676258993,"1.12",0.0041904,0.000155866666666668,0.989343055952224
"Colombia",2009,45416.28,7.80101347648414,1.389,0.722143531115281,0.966,0.412239212116726,0.410191082802548,0.589808917197452,"2.7.1",0.0189823990042674,0.00403884850640114,0.033687242025231
"EU-12",2009,82077,16.657968575913,1.61844850031068,1.09527240742996,1.22232462553456,0.280779016491429,0.430278861206443,0.569721138793557,"2.1.6.2",0.000430115792171164,3.45339833569466e-05,0.060880102106665
"EU-15",2009,393927.26,30.1486910781925,2.04125107163185,2.18724427194882,1.04479956195466,0.575485659547264,0.338555547528534,0.661444452471466,"11.1",0.00918568525269862,0.0130443354382583,0.292193084681443
"Europe_Eastern",2009,59431.84,7.14812060899335,1.49851435156643,0.723240120663116,1.31412785722266,0.241105671840602,0.467221836149726,0.532778163850274,"1.10.1",0.00628473996694937,0.0225013487976685,0.0440831961156838
"European Free Trade Association",2009,12882.03,48.7469064208885,2.13413356280027,2.97700712954693,0.930475462330083,0.689200586006857,0.303619631313493,0.696380368686507,"13",0.00265267604895694,0.000425539657387231,0.00955516529284844
"HongKong_Macau",2009,6949.27,49.4048410870329,1.847,1.65994257707162,0.987,0.611061182490483,0.348270995059986,0.651729004940014,"15",0.000242299999999995,0.000629699999999999,0.00515457761817298
"India",2009,1214182.18,3.31914848873716,0.896,0.610379610447591,1.447,0.125603335784145,0.617584293640632,0.382415706359368,"1.2.4",0.0012755,0.000233500000000002,0.900612048375222
"Indonesia",2009,238465.17,4.15277219067859,0.706,0.566335523006473,1.814,0.139260146581761,0.71984126984127,0.28015873015873,"1.3.10",0.00131407272727273,0.00363927272727272,0.17688005042196
"Japan",2009,127340.88,30.7300600967802,1.169,3.54512716000806,1.12,0.802574449535254,0.489296636085627,0.510703363914373,"12",0.1392031577696,0.0184186741132904,0.0944543023837686
"Mexico",2009,116815.61,11.7727536159338,1.499,1.06010893096699,1.335,0.296345569489964,0.47106563161609,0.52893436838391,"2.1.5.2",0.0124429443769519,0.00404505413738838,0.0866472491008731
"Middle East",2009,177060.2,13.7628117329711,1.26174430707748,1.08735803033074,1.52772367471628,0.27595953651897,0.547675644491134,0.452324355508866,"2.1.6.1",0.028690772484228,0.0211855678490421,0.131333297452715
"Pakistan",2009,166520.98,2.81303391976581,1.088,0.442094583405815,1.213,0.103318850077269,0.52716210343329,0.47283789656671,"1.3.6",0.0243481032258065,0.0238861290322581,0.12351589684445
"Russia",2009,143126.66,13.6645500207257,1.553,0.980326195840738,1.362,0.27687409700637,0.467238421955403,0.532761578044597,"2.1.6.3",0.0016183,3.62999999999994e-05,0.106163306102634
"South Africa",2009,50992.03,9.82626532508978,1.158,1.02094272263139,1.593,0.522103581616312,0.579062159214831,0.420937840785169,"2.6.2",0.00773359784946237,0.0174313806451613,0.0378230197622492
"South America_Northern",2009,29071.13,10.8634619364462,1.38564740276694,1.36108583821772,1.30018412424973,0.414250357105461,0.484089977785736,0.515910022214264,"2.5.3",0.00924237911688654,0.0138833387169105,0.0215633291026248
"South America_Southern",2009,79772.24,7.82464017170735,1.15639404735281,0.982738429618736,1.22706588808337,0.39365289056251,0.514825472767518,0.485174527232482,"2.2.4.3",0.00266977825901461,0.00119176375308207,0.0591705607719262
"South Asia",2009,196904.09,2.04596729610647,0.511628556115823,0.498790181399136,1.8677301588809,0.141428200436834,0.784972079707399,0.215027920292601,"1.3.9",0.00673607126461502,0.020869174514065,0.146052378917601
"South Korea",2009,48807.04,27.5161890948745,1.351,3.05045131005579,1.431,0.512313519474965,0.514378145219267,0.485621854780733,"14",0.0046715,0.0113839102564103,0.036202317076941
"Southeast Asia",2009,294836.54,5.95455776972497,0.949489527620966,1.07290377006825,1.52435094523901,0.179980138325234,0.61618805333746,0.38381194666254,"1.8",0.0144999247141561,0.0132233687433275,0.218693162030481
"USA",2009,307231.96,41.2432477710145,2.145,2.06010387118359,0.954,0.547155629989981,0.30784123910939,0.69215876089061,"11.2.3",0.0139769809523809,0.000709123809523808,0.227887387395139
"Africa_Eastern",2010,194491.49,1.31829369707526,0.68001498852212,0.68404803415813,1.39180738565991,0.236896862088447,0.671779300679386,0.328220699320614,"1.1.1",0.00290589637080143,0.00300234214134675,0.144262847936418
"Africa_Northern",2010,124787.92,6.13179351655842,1.20296707886468,0.820405926744373,2.15647338836964,0.191294675770278,0.64191445254125,0.35808554745875,"1.10.3",0.00954520274527038,0.104683271126521,0.092560660249258
"Africa_Southern",2010,141296.31,2.39286904939941,0.674219496036379,0.452468938305366,1.3998592160687,0.2042449007849,0.67493061275766,0.32506938724234,"1.3.11",0.00155304284130115,0.000396435974587253,0.104805655422286
"Africa_Western",2010,330557.46,2.08604362500747,0.815732307780923,0.689592747294982,1.70003972205014,0.287320429972714,0.675752692172311,0.324247307827689,"1.4.1.1",0.0103158422844758,0.0714819497733074,0.245188931331796
"Argentina",2010,41222.88,13.6801038374977,1.775,0.764889734179003,1.149,0.197543338486108,0.392954856361149,0.607045143638851,"1.11",0.000368000000000001,7.89666666666671e-05,0.0305768137667166
"Australia_NZ",2010,26531.89,35.6116503770012,2.01076042905349,2.3012933435833,0.841326367627787,0.756205811147254,0.294986242566939,0.705013757433061,"11.1",0.00918568525269862,0.0130443354382583,0.0196798636924206
"Brazil",2010,198614.21,9.22093575226061,1.895,0.934848719898292,1.098,0.340520769844676,0.366855997327097,0.633144002672903,"2.7.2",0.0199702784615384,0.00212457384615385,0.147320849746392
"Canada",2010,34126.17,36.1736476665961,1.984,2.06161273083981,1.032,0.668913931380506,0.342175066312997,0.657824933687003,"11.1",0.00918568525269862,0.0130443354382583,0.0253128734494366
"Central America and Caribbean",2010,52035.67,6.20978540760505,1.33368898449852,1.2115750143317,1.08293438673894,0.436121499843526,0.448118808924873,0.551881191075127,"2.3.3",0.00759258741480881,0.0319286437063661,0.0385971332137959
"Central Asia",2010,81164.82,7.18044448522521,1.06210005295398,0.98592560596221,1.48539099575407,0.233663721410457,0.583079966662644,0.416920033337356,"2.1.3.2",0.0487777120381401,0.035514506614498,0.0602034982890345
"China",2010,1340968.74,9.69579077527163,1.235,1.12864527145838,1.592,0.117745203304231,0.563141139016625,0.436858860983375,"1.12",0.0041904,0.000155866666666668,0.994655187361209
"Colombia",2010,45918.1,8.00084762792467,1.393,0.744882530443129,0.929,0.399863530259084,0.400086132644272,0.599913867355728,"2.7.1",0.0189823990042674,0.00403884850640114,0.0340594638759221
"EU-12",2010,82023.8,17.1256203593404,1.61432251005196,1.08930847610099,1.22109825038586,0.287806320626214,0.430658570122521,0.569341429877479,"2.1.6.2",0.000430115792171164,3.45339833569466e-05,0.060840641338946
"EU-15",2010,395444.69,30.6421699504886,2.02471325555035,2.21372311723544,1.04901308018575,0.595834779391844,0.341283824779584,0.658716175220416,"11.1",0.00918568525269862,0.0130443354382583,0.293318628906253
"Europe_Eastern",2010,59224.1,7.56603151460332,1.47353582409864,0.760107636967568,1.30498556702423,0.253696816628129,0.469669073340068,0.530330926659932,"1.10.1",0.00628473996694937,0.0225013487976685,0.0439291062682035
"European Free Trade Association",2010,13039.82,49.2496714555551,2.16463403482563,2.97237072180158,0.919056976246605,0.696343660897702,0.298037959363197,0.701962040636803,"13",0.00265267604895694,0.000425539657387231,0.00967220503981057
"HongKong_Macau",2010,6993.57,52.3949521273285,1.883,1.7237909291251,1.013,0.628531908684054,0.349792817679558,0.650207182320442,"15",0.000242299999999995,0.000629699999999999,0.00518743686648037
"India",2010,1230984.5,3.58611883200677,0.898,0.667274289919602,1.471,0.126108902353761,0.620937104263402,0.379062895736598,"1.2.4",0.0012755,0.000233500000000002,0.913075064289898
"Indonesia",2010,241613.13,4.36488946136897,0.714,0.554682069892145,1.854,0.140029675312592,0.72196261682243,0.27803738317757,"1.3.10",0.00131407272727273,0.00363927272727272,0.179215030090171
"Japan",2010,127319.8,32.0969768900404,1.166,3.89638140865546,1.142,0.892310025115173,0.494800693240901,0.505199306759099,"5.2",0.212830349170734,0.0339956091654659,0.0944386664254318
"Mexico",2010,118617.54,12.2475703725364,1.441,1.08031557841131,1.342,0.298419332095414,0.482213438735178,0.517786561264822,"2.1.5.4.2",0.0015223,0.000577500000000001,0.0879838194237292
"Middle East",2010,181082.81,14.2711129301381,1.29683663755825,1.07876195148024,1.54051426604215,0.282237452776789,0.54294104549682,0.45705895450318,"2.1.6.1",0.028690772484228,0.0211855678490421,0.134317043295464
"Pakistan",2010,170043.92,2.86080694849987,1.111,0.442281764046685,1.2,0.104374030880163,0.519255733448724,0.480744266551277,"1.3.6",0.0243481032258065,0.0238861290322581,0.126129015585579
"Russia",2010,143158.1,14.268146308874,1.613,0.978297764223167,1.366,0.278386329558996,0.458543135280295,0.541456864719705,"2.1.6.3",0.0016183,3.62999999999994e-05,0.106186626526264
"South Africa",2010,51621.59,10.0333018888605,1.18,1.0202027571078,1.634,0.520744553358429,0.580668088130775,0.419331911869225,"2.6.2",0.00773359784946237,0.0174313806451613,0.0382899919600911
"South America_Northern",2010,29513.88,10.5388275580943,1.41324578130696,1.35272695766511,1.26101687477214,0.417118715185069,0.471538153481525,0.528461846518475,"2.5.3",0.00924237911688654,0.0138833387169105,0.0218917361497601
"South America_Southern",2010,80825.92,8.27814240879796,1.19059995790954,1.00754828070985,1.24607271058591,0.396730802732059,0.511382889748302,0.488617110251698,"2.2.4.3",0.00266977825901461,0.00119176375308207,0.0599521213307642
"South Asia",2010,199026.57,2.15271890268323,0.509918858924213,0.531570585285486,1.88614650184646,0.141406921696287,0.787184912701963,0.212815087298037,"1.3.9",0.00673607126461502,0.020869174514065,0.14762671520084
"South Korea",2010,49090.04,29.1219100679601,1.365,3.08797179611443,1.456,0.495280400964137,0.516129032258065,0.483870967741936,"14",0.0046715,0.0113839102564103,0.0364122305593561
"Southeast Asia",2010,298085.57,6.30863987277458,0.971752466280069,1.09729075097141,1.51077630721943,0.18139628574864,0.608563462928071,0.391436537071929,"1.8",0.0144999247141561,0.0132233687433275,0.22110310973992
"USA",2010,309876.17,41.8578347357061,2.141,2.08008690408442,0.954,0.569148644534179,0.308239095315024,0.691760904684976,"11.2.3",0.0139769809523809,0.000709123809523808,0.229848713647213
"Africa_Eastern",2011,199869.18,1.36978815667676,0.683439535700301,0.621389575385684,1.40050824134066,0.239178090162359,0.672045747388771,0.327954252611229,"1.1.1",0.00290589637080143,0.00300234214134675,0.148251715905496
"Africa_Northern",2011,127078.46,6.14999911908571,1.21274865913547,0.806623856951692,2.1898521160077,0.193923882271773,0.643581854211375,0.356418145788625,"1.10.3",0.00954520274527038,0.104683271126521,0.0942596539878132
"Africa_Southern",2011,145483.43,2.46669005100921,0.703440427408125,0.450865798905707,1.41787482258289,0.195840315719935,0.66839420618359,0.331605793816409,"1.3.11",0.00155304284130115,0.000396435974587253,0.107911425530025
"Africa_Western",2011,339877.88,2.17525951862761,0.805851024756304,0.704763253929301,1.71497737360843,0.295100661046351,0.680322934603933,0.319677065396067,"1.4.1.1",0.0103158422844758,0.0714819497733074,0.252102294652544
"Argentina",2011,41655.62,14.764796252804,1.785,0.772581945486241,1.141,0.208967703136724,0.389952153110048,0.610047846889952,"1.11",0.000368000000000001,7.89666666666671e-05,0.0308977959588732
"Australia_NZ",2011,26946.85,36.2166230419632,2.06985811143046,2.38478592966755,0.803460841248606,0.777838501663526,0.279628142395909,0.720371857604091,"11.1",0.00918568525269862,0.0130443354382583,0.019987657680629
"Brazil",2011,200517.58,9.39063267413055,1.942,0.985311532431282,1.102,0.345926757298943,0.362023653088042,0.637976346911958,"2.1.4.2",0.0891050479962154,0.00460371154146228,0.148732662555666
"Canada",2011,34499.9,36.7040862618302,2.097,2.03616729988572,0.937,0.708132121573767,0.30883322346737,0.69116677653263,"11.1",0.00918568525269862,0.0130443354382583,0.0255900853426628
"Central America and Caribbean",2011,52768.98,6.37400229299675,1.35920090534249,1.24317437200382,1.09272276799741,0.465395804014248,0.445659373445728,0.554340626554272,"2.3.3",0.00759258741480881,0.0319286437063661,0.0391410613261275
"Central Asia",2011,82278.1,7.64018510852214,1.10779083863142,1.00891260276303,1.44975113717988,0.247485468263314,0.566853311066377,0.433146688933623,"2.1.3.2",0.0487777120381401,0.035514506614498,0.061029266775618
"China",2011,1348174.48,10.5383712541654,1.247,1.20461632499008,1.611,0.124896389219773,0.563680895731281,0.436319104268719,"1.12",0.0041904,0.000155866666666668,1
"Colombia",2011,46406.45,8.3610138869577,1.393,0.762320068132233,0.954,0.393565010784015,0.406476352790797,0.593523647209203,"2.7.1",0.0189823990042674,0.00403884850640114,0.0344216944382451
"EU-12",2011,81935.72,17.6935640379118,1.6331871429213,1.1130612114992,1.22538638471719,0.306636938238372,0.428670584425897,0.571329415574103,"2.1.6.2",0.000430115792171164,3.45339833569466e-05,0.0607753085490833
"EU-15",2011,396683.36,30.9384948599366,2.0262373448183,2.21936357213502,1.04101385689584,0.627090370638623,0.339396348207172,0.660603651792828,"11.1",0.00918568525269862,0.0130443354382583,0.294237404642165
"Europe_Eastern",2011,59043.17,8.00536123116964,1.5068213437727,0.76494081788493,1.3220516445848,0.260637940272072,0.467342171255419,0.532657828744581,"1.9",0.00904364760923401,0.00537365681449859,0.0437949025707711
"European Free Trade Association",2011,13200.78,49.7694491034757,2.16776423362862,2.99141173861673,0.916412808182547,0.704570890289906,0.297133658593214,0.702866341406786,"13",0.00265267604895694,0.000425539657387231,0.00979159611447326
"HongKong_Macau",2011,7044.21,54.4673110941906,1.872,1.823503012504,1.008,0.656965496595763,0.35,0.65,"15",0.000242299999999995,0.000629699999999999,0.00522499877018886
"India",2011,1247446.01,3.77988593659519,0.929,0.662533525694849,1.456,0.129404353477451,0.610482180293501,0.389517819706499,"1.2.4",0.0012755,0.000233500000000002,0.925285286515733
"Indonesia",2011,244808.25,4.59965930224849,0.745,0.594130594997706,1.878,0.149217842756803,0.715974075486085,0.284025924513915,"1.2.2",0.00794442504178535,0.00572535723409085,0.181584990393825
"Japan",2011,127252.9,31.8667365243168,1.188,3.81081085513183,1.139,0.903955919934781,0.489471422432316,0.510528577567684,"5.2",0.212830349170734,0.0339956091654659,0.0943890437682814
"Mexico",2011,120365.27,12.5754713855745,1.425,1.09823866505958,1.341,0.297598498433601,0.484815618221258,0.515184381778742,"2.1.5.4.2",0.0015223,0.000577500000000001,0.0892801872351122
"Middle East",2011,185440.04,14.5702471405095,1.30799127399886,1.08669272244705,1.53630271757922,0.291565706212932,0.540134993825601,0.459865006174399,"2.1.6.1",0.028690772484228,0.0211855678490421,0.137548991433216
"Pakistan",2011,173669.65,2.89284231975669,1.123,0.463340131500601,1.21,0.105781347880075,0.518645520788684,0.481354479211316,"1.3.6",0.0243481032258065,0.0238861290322581,0.128818378167194
"Russia",2011,143211.48,14.8994922867769,1.641,0.973978157137508,1.371,0.291525665164943,0.455179282868526,0.544820717131474,"2.1.6.3",0.0016183,3.62999999999994e-05,0.106226220807859
"South Africa",2011,52237.27,10.2795377754624,1.16,1.06794323150287,1.647,0.526134310679663,0.586747417171357,0.413252582828643,"2.6.2",0.00773359784946237,0.0174313806451613,0.0387466687546259
"South America_Northern",2011,29951.07,10.7868589469641,1.43496888625348,1.39142619948975,1.21642327536212,0.445335152277879,0.458786630273849,0.541213369726151,"2.5.3",0.00924237911688654,0.0138833387169105,0.0222160191016225
"South America_Southern",2011,81896.09,8.70252935196729,1.20812999533922,1.00584798507032,1.25562397228,0.408751899997245,0.509638538905464,0.490361461094536,"2.2.4.3",0.00266977825901461,0.00119176375308207,0.0607459132441077
"South Asia",2011,201239.14,2.27199481366301,0.509142340699727,0.528666041663009,1.88965535461939,0.140771442153718,0.787751029737422,0.212248970262578,"1.3.9",0.00673607126461502,0.020869174514065,0.149267875178886
"South Korea",2011,49356.69,30.0506487286373,1.389,2.58856535361309,1.479,0.390568609142515,0.515690376569038,0.484309623430962,"11.1",0.00918568525269862,0.0130443354382583,0.0366100165313914
"Southeast Asia",2011,301525.84,6.43068671697782,0.98723752481711,1.07762113453988,1.50320640546097,0.178484793941316,0.603589740441626,0.396410259558374,"1.8",0.0144999247141561,0.0132233687433275,0.223654908524897
"USA",2011,312390.37,42.2437483347194,2.147,2.04240620131735,0.956,0.5960390449062,0.308088946181115,0.691911053818885,"11.2.3",0.0139769809523809,0.000709123809523808,0.231713605793814
